date,time,currency,impact,event,actual,forecast,previous,day,timezone,10min_update_sent
2025-07-01,01:00,JPY,yellow,Consumer Confidence,34.5,,,Tue,UTC-5,False
2025-07-01,02:00,GBP,yellow,Nationwide HPI m/m,-0.8%,,,Tue,UTC-5,False
2025-07-01,02:30,AUD,yellow,Commodity Prices y/y,-8.7%,,,Tue,UTC-5,False
2025-07-01,,CHF,yellow,Retail Sales y/y,0.0%,,,Tue,UTC-5,False
2025-07-01,03:15,EUR,yellow,Spanish Manufacturing PMI,51.4,,,Tue,UTC-5,False
2025-07-01,03:30,CHF,yellow,Manufacturing PMI,49.6,,,Tue,UTC-5,False
2025-07-01,03:45,EUR,yellow,Italian Manufacturing PMI,48.4,,,Tue,UTC-5,False
2025-07-01,03:50,EUR,yellow,French Final Manufacturing PMI,48.1,,,Tue,UTC-5,False
2025-07-01,03:55,EUR,yellow,German Final Manufacturing PMI,49.0,,,Tue,UTC-5,False
2025-07-01,,EUR,yellow,German Unemployment Change,11K,,,Tue,UTC-5,False
2025-07-01,04:00,EUR,yellow,Final Manufacturing PMI,49.5,,,Tue,UTC-5,False
2025-07-01,04:30,GBP,yellow,Final Manufacturing PMI,47.7,,,Tue,UTC-5,False
2025-07-01,05:00,EUR,orange,Core CPI Flash Estimate y/y,2.3%,,,Tue,UTC-5,False
2025-07-01,,EUR,orange,CPI Flash Estimate y/y,2.0%,,,Tue,UTC-5,False
2025-07-01,05:03,GBP,yellow,30-y Bond Auction,5.17|3.2,,,Tue,UTC-5,False
2025-07-01,All Day,CAD,gray,Bank Holiday,,,,Tue,UTC-5,False
2025-07-01,09:30,EUR,orange,ECB President Lagarde Speaks,,,,Tue,UTC-5,False
2025-07-01,,GBP,red,BOE Gov Bailey Speaks,,,,Tue,UTC-5,False
2025-07-01,,JPY,red,BOJ Gov Ueda Speaks,,,,Tue,UTC-5,False
2025-07-01,,USD,red,Fed Chair Powell Speaks,,,,Tue,UTC-5,False
2025-07-01,09:45,USD,yellow,Final Manufacturing PMI,52.9,,,Tue,UTC-5,False
2025-07-01,10:00,USD,red,ISM Manufacturing PMI,49.0,,,Tue,UTC-5,False
2025-07-01,,USD,red,JOLTS Job Openings,7.77M,,,Tue,UTC-5,False
2025-07-01,,USD,orange,ISM Manufacturing Prices,69.7,,,Tue,UTC-5,False
2025-07-01,,USD,yellow,Construction Spending m/m,-0.3%,,,Tue,UTC-5,False
2025-07-01,10:03,USD,yellow,RCM/TIPP Economic Optimism,48.6,,,Tue,UTC-5,False
2025-07-01,All Day,USD,yellow,Wards Total Vehicle Sales,15.3M,,,Tue,UTC-5,False
2025-07-01,11:21,NZD,yellow,GDT Price Index,-4.1%,,,Tue,UTC-5,False
2025-07-01,16:30,USD,yellow,API Weekly Statistical Bulletin,,,,Tue,UTC-5,False
2025-07-01,19:50,JPY,yellow,Monetary Base y/y,-3.5%,,,Tue,UTC-5,False
2025-07-01,21:30,AUD,orange,Retail Sales m/m,0.2%,,,Tue,UTC-5,False
2025-07-01,,AUD,yellow,Building Approvals m/m,3.2%,,,Tue,UTC-5,False
2025-07-02,02:45,EUR,yellow,French Gov Budget Balance,-94.0B,,,Wed,UTC-5,False
2025-07-02,03:00,EUR,yellow,Spanish Unemployment Change,-48.9K,,,Wed,UTC-5,False
2025-07-02,04:00,EUR,yellow,Italian Monthly Unemployment Rate,6.5%,,,Wed,UTC-5,False
2025-07-02,05:00,EUR,yellow,Unemployment Rate,6.3%,,,Wed,UTC-5,False
2025-07-02,05:36,EUR,yellow,German 10-y Bond Auction,2.63|1.6,,,Wed,UTC-5,False
2025-07-02,06:30,GBP,yellow,MPC Member Taylor Speaks,,,,Wed,UTC-5,False
2025-07-02,07:30,USD,yellow,Challenger Job Cuts y/y,-1.6%,,,Wed,UTC-5,False
2025-07-02,08:15,USD,red,ADP Non-Farm Employment Change,-33K,,,Wed,UTC-5,False
2025-07-02,09:30,CAD,yellow,Manufacturing PMI,45.6,,,Wed,UTC-5,False
2025-07-02,10:15,EUR,orange,ECB President Lagarde Speaks,,,,Wed,UTC-5,False
2025-07-02,10:30,USD,yellow,Crude Oil Inventories,3.8M,,,Wed,UTC-5,False
2025-07-02,21:00,NZD,yellow,ANZ Commodity Prices m/m,-2.3%,,,Wed,UTC-5,False
2025-07-02,21:30,AUD,yellow,Goods Trade Balance,2.24B,,,Wed,UTC-5,False
2025-07-02,21:45,CNY,yellow,Caixin Services PMI,50.6,,,Wed,UTC-5,False
2025-07-02,23:35,JPY,yellow,30-y Bond Auction,2.81|3.6,,,Wed,UTC-5,False
2025-07-03,02:30,CHF,red,CPI m/m,0.2%,,,Thu,UTC-5,False
2025-07-03,03:15,EUR,yellow,Spanish Services PMI,51.9,,,Thu,UTC-5,False
2025-07-03,03:45,EUR,yellow,Italian Services PMI,52.1,,,Thu,UTC-5,False
2025-07-03,03:50,EUR,yellow,French Final Services PMI,49.6,,,Thu,UTC-5,False
2025-07-03,03:55,EUR,yellow,German Final Services PMI,49.7,,,Thu,UTC-5,False
2025-07-03,04:00,EUR,yellow,Final Services PMI,50.5,,,Thu,UTC-5,False
2025-07-03,04:30,GBP,yellow,BOE Credit Conditions Survey,,,,Thu,UTC-5,False
2025-07-03,,GBP,yellow,Final Services PMI,52.8,,,Thu,UTC-5,False
2025-07-03,04:44,EUR,yellow,Spanish 10-y Bond Auction,3.16|1.9,,,Thu,UTC-5,False
2025-07-03,04:57,EUR,yellow,French 10-y Bond Auction,3.27|2.3,,,Thu,UTC-5,False
2025-07-03,07:30,EUR,yellow,ECB Monetary Policy Meeting Accounts,,,,Thu,UTC-5,False
2025-07-03,08:20,GBP,red,BOE Gov Bailey Speaks,,,,Thu,UTC-5,False
2025-07-03,08:30,CAD,yellow,Trade Balance,-5.9B,,,Thu,UTC-5,False
2025-07-03,,USD,red,Average Hourly Earnings m/m,0.2%,,,Thu,UTC-5,False
2025-07-03,,USD,red,Non-Farm Employment Change,147K,,,Thu,UTC-5,False
2025-07-03,,USD,red,Unemployment Rate,4.1%,,,Thu,UTC-5,False
2025-07-03,,USD,orange,Unemployment Claims,233K,,,Thu,UTC-5,False
2025-07-03,,USD,yellow,Trade Balance,-71.5B,,,Thu,UTC-5,False
2025-07-03,09:45,USD,yellow,Final Services PMI,52.9,,,Thu,UTC-5,False
2025-07-03,10:00,USD,red,ISM Services PMI,50.8,,,Thu,UTC-5,False
2025-07-03,,USD,yellow,Factory Orders m/m,8.2%,,,Thu,UTC-5,False
2025-07-03,10:30,USD,yellow,Natural Gas Storage,55B,,,Thu,UTC-5,False
2025-07-03,11:00,USD,yellow,FOMC Member Bostic Speaks,,,,Thu,UTC-5,False
2025-07-03,19:30,JPY,yellow,Household Spending y/y,4.7%,,,Thu,UTC-5,False
2025-07-04,02:00,EUR,yellow,German Factory Orders m/m,-1.4%,,,Fri,UTC-5,False
2025-07-04,02:45,EUR,yellow,French Industrial Production m/m,-0.5%,,,Fri,UTC-5,False
2025-07-04,03:00,CHF,yellow,Unemployment Rate,2.9%,,,Fri,UTC-5,False
2025-07-04,04:00,EUR,yellow,Italian Retail Sales m/m,-0.4%,,,Fri,UTC-5,False
2025-07-04,04:30,GBP,yellow,Construction PMI,48.8,,,Fri,UTC-5,False
2025-07-04,04:37,GBP,yellow,Housing Equity Withdrawal q/q,-3.3B,,,Fri,UTC-5,False
2025-07-04,05:00,EUR,yellow,PPI m/m,-0.6%,,,Fri,UTC-5,False
2025-07-04,All Day,USD,gray,Bank Holiday,,,,Fri,UTC-5,False
2025-07-04,11:01,GBP,yellow,MPC Member Taylor Speaks,,,,Fri,UTC-5,False
2025-07-04,14:00,EUR,orange,ECB President Lagarde Speaks,,,,Fri,UTC-5,False
2025-07-05,All Day,All,orange,OPEC-JMMC Meetings,,,,Sat,UTC-5,False
2025-07-05,11:45,GBP,orange,BOE Gov Bailey Speaks,,,,Sat,UTC-5,False
2025-07-06,Day 1,All,yellow,BRICS Summit,,,,Sun,UTC-5,False
2025-07-06,19:30,JPY,yellow,Average Cash Earnings y/y,1.0%,,,Sun,UTC-5,False
2025-07-06,21:30,AUD,yellow,ANZ Job Advertisements m/m,1.8%,,,Sun,UTC-5,False
2025-07-07,01:00,JPY,yellow,Leading Indicators,105.3%,,,Mon,UTC-5,False
2025-07-07,02:00,EUR,yellow,German Industrial Production m/m,1.2%,,,Mon,UTC-5,False
2025-07-07,,GBP,yellow,Halifax HPI m/m,0.0%,,,Mon,UTC-5,False
2025-07-07,03:00,CHF,yellow,Foreign Currency Reserves,713B,,,Mon,UTC-5,False
2025-07-07,04:00,EUR,yellow,German Buba President Nagel Speaks,,,,Mon,UTC-5,False
2025-07-07,Day 2,All,yellow,BRICS Summit,,,,Mon,UTC-5,False
2025-07-07,04:30,EUR,yellow,Sentix Investor Confidence,4.5,,,Mon,UTC-5,False
2025-07-07,05:00,EUR,yellow,Retail Sales m/m,-0.7%,,,Mon,UTC-5,False
2025-07-07,19:50,JPY,yellow,Bank Lending y/y,2.8%,,,Mon,UTC-5,False
2025-07-07,20:02,JPY,yellow,Current Account,2.82T,,,Mon,UTC-5,False
2025-07-07,21:30,AUD,yellow,NAB Business Confidence,5,,,Mon,UTC-5,False
2025-07-08,00:30,AUD,red,Cash Rate,3.85%,,,Tue,UTC-5,False
2025-07-08,,AUD,red,RBA Rate Statement,,,,Tue,UTC-5,False
2025-07-08,01:00,JPY,yellow,Economy Watchers Sentiment,45.0,,,Tue,UTC-5,False
2025-07-08,01:30,AUD,red,RBA Press Conference,,,,Tue,UTC-5,False
2025-07-08,02:00,EUR,yellow,German Trade Balance,18.4B,,,Tue,UTC-5,False
2025-07-08,02:45,EUR,yellow,French Trade Balance,-7.8B,,,Tue,UTC-5,False
2025-07-08,06:00,USD,yellow,NFIB Small Business Index,98.6,,,Tue,UTC-5,False
2025-07-08,10:00,CAD,orange,Ivey PMI,53.3,,,Tue,UTC-5,False
2025-07-08,,EUR,yellow,German Buba President Nagel Speaks,,,,Tue,UTC-5,False
2025-07-08,15:00,USD,yellow,Consumer Credit m/m,5.1B,,,Tue,UTC-5,False
2025-07-08,16:30,USD,yellow,API Weekly Statistical Bulletin,,,,Tue,UTC-5,False
2025-07-08,19:00,AUD,yellow,RBA Deputy Gov Hauser Speaks,,,,Tue,UTC-5,False
2025-07-08,19:50,JPY,yellow,M2 Money Stock y/y,0.9%,,,Tue,UTC-5,False
2025-07-08,21:30,CNY,orange,CPI y/y,0.1%,,,Tue,UTC-5,False
2025-07-08,,CNY,orange,PPI y/y,-3.6%,,,Tue,UTC-5,False
2025-07-08,22:00,NZD,red,Official Cash Rate,3.25%,,,Tue,UTC-5,False
2025-07-08,,NZD,red,RBNZ Rate Statement,,,,Tue,UTC-5,False
2025-07-09,01:30,AUD,yellow,RBA Assist Gov Hunter Speaks,,,,Wed,UTC-5,False
2025-07-09,01:57,JPY,yellow,Prelim Machine Tool Orders y/y,-0.5%,,,Wed,UTC-5,False
2025-07-09,05:04,GBP,yellow,10-y Bond Auction,4.64|2.9,,,Wed,UTC-5,False
2025-07-09,05:30,GBP,yellow,BOE Financial Stability Report,,,,Wed,UTC-5,False
2025-07-09,,GBP,yellow,FPC Meeting Minutes,,,,Wed,UTC-5,False
2025-07-09,,GBP,yellow,FPC Statement,,,,Wed,UTC-5,False
2025-07-09,06:00,GBP,red,BOE Gov Bailey Speaks,,,,Wed,UTC-5,False
2025-07-09,08:15,EUR,yellow,German Buba President Nagel Speaks,,,,Wed,UTC-5,False
2025-07-09,10:00,USD,yellow,Final Wholesale Inventories m/m,-0.3%,,,Wed,UTC-5,False
2025-07-09,10:30,USD,yellow,Crude Oil Inventories,7.1M,,,Wed,UTC-5,False
2025-07-09,13:01,USD,yellow,10-y Bond Auction,4.36|2.6,,,Wed,UTC-5,False
2025-07-09,14:00,USD,red,FOMC Meeting Minutes,,,,Wed,UTC-5,False
2025-07-09,18:45,NZD,yellow,Visitor Arrivals m/m,-0.9%,,,Wed,UTC-5,False
2025-07-09,19:01,GBP,yellow,RICS House Price Balance,-7%,,,Wed,UTC-5,False
2025-07-09,19:50,JPY,yellow,PPI y/y,2.9%,,,Wed,UTC-5,False
2025-07-10,02:00,EUR,yellow,German Final CPI m/m,0.0%,,,Thu,UTC-5,False
2025-07-10,04:00,EUR,yellow,Italian Industrial Production m/m,-0.7%,,,Thu,UTC-5,False
2025-07-10,08:30,USD,red,Unemployment Claims,227K,,,Thu,UTC-5,False
2025-07-10,10:00,USD,yellow,FOMC Member Musalem Speaks,,,,Thu,UTC-5,False
2025-07-10,10:30,USD,yellow,Natural Gas Storage,53B,,,Thu,UTC-5,False
2025-07-10,11:00,GBP,yellow,MPC Member Breeden Speaks,,,,Thu,UTC-5,False
2025-07-10,13:01,USD,yellow,30-y Bond Auction,4.89|2.4,,,Thu,UTC-5,False
2025-07-10,13:15,USD,orange,FOMC Member Waller Speaks,,,,Thu,UTC-5,False
2025-07-10,14:30,USD,yellow,FOMC Member Daly Speaks,,,,Thu,UTC-5,False
2025-07-10,18:30,NZD,yellow,BusinessNZ Manufacturing Index,48.8,,,Thu,UTC-5,False
2025-07-11,02:00,EUR,yellow,German WPI m/m,0.2%,,,Fri,UTC-5,False
2025-07-11,,GBP,red,GDP m/m,-0.1%,,,Fri,UTC-5,False
2025-07-11,,GBP,yellow,Construction Output m/m,-0.6%,,,Fri,UTC-5,False
2025-07-11,,GBP,yellow,Goods Trade Balance,-21.7B,,,Fri,UTC-5,False
2025-07-11,,GBP,yellow,Index of Services 3m/3m,0.4%,,,Fri,UTC-5,False
2025-07-11,,GBP,yellow,Industrial Production m/m,-0.9%,,,Fri,UTC-5,False
2025-07-11,,GBP,yellow,Manufacturing Production m/m,-1.0%,,,Fri,UTC-5,False
2025-07-11,02:45,EUR,yellow,French Final CPI m/m,0.4%,,,Fri,UTC-5,False
2025-07-11,02:59,CHF,yellow,SECO Consumer Climate,-32,,,Fri,UTC-5,False
2025-07-11,08:30,CAD,red,Employment Change,83.1K,,,Fri,UTC-5,False
2025-07-11,,CAD,red,Unemployment Rate,6.9%,,,Fri,UTC-5,False
2025-07-11,,CAD,yellow,Building Permits m/m,12.0%,,,Fri,UTC-5,False
2025-07-11,13:59,USD,yellow,Federal Budget Balance,27.0B,,,Fri,UTC-5,False
2025-07-13,18:30,NZD,yellow,BusinessNZ Services Index,47.3,,,Sun,UTC-5,False
2025-07-13,19:50,JPY,yellow,Core Machinery Orders m/m,-0.6%,,,Sun,UTC-5,False
2025-07-13,23:00,CNY,yellow,USD-Denominated Trade Balance,114.8B,,,Sun,UTC-5,False
2025-07-13,23:07,CNY,yellow,Trade Balance,826B,,,Sun,UTC-5,False
2025-07-14,00:30,JPY,yellow,Revised Industrial Production m/m,-0.1%,,,Mon,UTC-5,False
2025-07-14,,JPY,yellow,Tertiary Industry Activity m/m,0.6%,,,Mon,UTC-5,False
2025-07-14,All Day,EUR,gray,French Bank Holiday,,,,Mon,UTC-5,False
2025-07-14,02:30,CHF,yellow,PPI m/m,-0.1%,,,Mon,UTC-5,False
2025-07-14,03:02,CNY,yellow,M2 Money Supply y/y,8.3%,,,Mon,UTC-5,False
2025-07-14,03:03,CNY,orange,New Loans,2240B,,,Mon,UTC-5,False
2025-07-14,All Day,EUR,yellow,Eurogroup Meetings,,,,Mon,UTC-5,False
2025-07-14,08:30,CAD,yellow,Wholesale Sales m/m,0.1%,,,Mon,UTC-5,False
2025-07-14,19:01,GBP,yellow,BRC Retail Sales Monitor y/y,2.7%,,,Mon,UTC-5,False
2025-07-14,20:30,AUD,yellow,Westpac Consumer Sentiment,0.6%,,,Mon,UTC-5,False
2025-07-14,21:30,CNY,yellow,New Home Prices m/m,-0.27%,,,Mon,UTC-5,False
2025-07-14,22:00,CNY,orange,GDP q/y,5.2%,,,Mon,UTC-5,False
2025-07-14,,CNY,orange,Industrial Production y/y,6.8%,,,Mon,UTC-5,False
2025-07-14,,CNY,orange,Retail Sales y/y,4.8%,,,Mon,UTC-5,False
2025-07-14,,CNY,yellow,Fixed Asset Investment ytd/y,2.8%,,,Mon,UTC-5,False
2025-07-14,,CNY,yellow,NBS Press Conference,,,,Mon,UTC-5,False
2025-07-14,,CNY,yellow,Unemployment Rate,5.0%,,,Mon,UTC-5,False
2025-07-15,05:00,EUR,orange,German ZEW Economic Sentiment,52.7,,,Tue,UTC-5,False
2025-07-15,,EUR,yellow,Industrial Production m/m,1.7%,,,Tue,UTC-5,False
2025-07-15,,EUR,yellow,ZEW Economic Sentiment,36.1,,,Tue,UTC-5,False
2025-07-15,All Day,EUR,yellow,ECOFIN Meetings,,,,Tue,UTC-5,False
2025-07-15,08:30,CAD,red,CPI m/m,0.1%,,,Tue,UTC-5,False
2025-07-15,,CAD,red,Median CPI y/y,3.1%,,,Tue,UTC-5,False
2025-07-15,,CAD,red,Trimmed CPI y/y,3.0%,,,Tue,UTC-5,False
2025-07-15,,CAD,orange,Common CPI y/y,2.6%,,,Tue,UTC-5,False
2025-07-15,,CAD,yellow,Core CPI m/m,0.1%,,,Tue,UTC-5,False
2025-07-15,,CAD,yellow,Manufacturing Sales m/m,-0.9%,,,Tue,UTC-5,False
2025-07-15,,USD,red,Core CPI m/m,0.2%,,,Tue,UTC-5,False
2025-07-15,,USD,red,CPI m/m,0.3%,,,Tue,UTC-5,False
2025-07-15,,USD,red,CPI y/y,2.7%,,,Tue,UTC-5,False
2025-07-15,,USD,orange,Empire State Manufacturing Index,5.5,,,Tue,UTC-5,False
2025-07-15,09:15,USD,yellow,FOMC Member Bowman Speaks,,,,Tue,UTC-5,False
2025-07-15,10:30,AUD,yellow,CB Leading Index m/m,0.3%,,,Tue,UTC-5,False
2025-07-15,10:49,NZD,yellow,GDT Price Index,1.1%,,,Tue,UTC-5,False
2025-07-15,12:45,USD,yellow,FOMC Member Barr Speaks,,,,Tue,UTC-5,False
2025-07-15,13:00,USD,yellow,FOMC Member Barkin Speaks,,,,Tue,UTC-5,False
2025-07-15,14:45,USD,yellow,FOMC Member Collins Speaks,,,,Tue,UTC-5,False
2025-07-15,16:00,GBP,red,BOE Gov Bailey Speaks,,,,Tue,UTC-5,False
2025-07-15,16:30,USD,yellow,API Weekly Statistical Bulletin,,,,Tue,UTC-5,False
2025-07-15,19:45,USD,yellow,FOMC Member Logan Speaks,,,,Tue,UTC-5,False
2025-07-16,02:00,GBP,red,CPI y/y,3.6%,,,Wed,UTC-5,False
2025-07-16,,GBP,yellow,Core CPI y/y,3.7%,,,Wed,UTC-5,False
2025-07-16,,GBP,yellow,RPI y/y,4.4%,,,Wed,UTC-5,False
2025-07-16,04:30,GBP,yellow,HPI y/y,3.9%,,,Wed,UTC-5,False
2025-07-16,05:00,EUR,yellow,Italian Trade Balance,6.16B,,,Wed,UTC-5,False
2025-07-16,,EUR,yellow,Trade Balance,16.2B,,,Wed,UTC-5,False
2025-07-16,05:33,EUR,yellow,German 30-y Bond Auction,3.22|1.4,,,Wed,UTC-5,False
2025-07-16,06:00,EUR,yellow,German Buba Monthly Report,,,,Wed,UTC-5,False
2025-07-16,08:00,USD,yellow,FOMC Member Barkin Speaks,,,,Wed,UTC-5,False
2025-07-16,08:15,CAD,yellow,Housing Starts,284K,,,Wed,UTC-5,False
2025-07-16,08:30,USD,red,Core PPI m/m,0.0%,,,Wed,UTC-5,False
2025-07-16,,USD,red,PPI m/m,0.0%,,,Wed,UTC-5,False
2025-07-16,09:15,USD,yellow,Capacity Utilization Rate,77.6%,,,Wed,UTC-5,False
2025-07-16,,USD,yellow,FOMC Member Hammack Speaks,,,,Wed,UTC-5,False
2025-07-16,,USD,yellow,Industrial Production m/m,0.3%,,,Wed,UTC-5,False
2025-07-16,09:30,GBP,yellow,CB Leading Index m/m,-0.3%,,,Wed,UTC-5,False
2025-07-16,10:00,USD,yellow,FOMC Member Barr Speaks,,,,Wed,UTC-5,False
2025-07-16,10:30,USD,yellow,Crude Oil Inventories,-3.9M,,,Wed,UTC-5,False
2025-07-16,14:00,USD,yellow,Beige Book,,,,Wed,UTC-5,False
2025-07-16,15:30,USD,yellow,FOMC Member Bostic Speaks,,,,Wed,UTC-5,False
2025-07-16,18:30,USD,yellow,FOMC Member Williams Speaks,,,,Wed,UTC-5,False
2025-07-16,18:45,NZD,yellow,FPI m/m,1.2%,,,Wed,UTC-5,False
2025-07-16,19:50,JPY,yellow,Trade Balance,-0.24T,,,Wed,UTC-5,False
2025-07-16,21:00,AUD,yellow,MI Inflation Expectations,4.7%,,,Wed,UTC-5,False
2025-07-16,21:30,AUD,red,Employment Change,2.0K,,,Wed,UTC-5,False
2025-07-16,,AUD,red,Unemployment Rate,4.3%,,,Wed,UTC-5,False
2025-07-16,22:37,AUD,yellow,NAB Quarterly Business Confidence,-1,,,Wed,UTC-5,False
2025-07-17,02:00,CHF,yellow,Trade Balance,5.79B,,,Thu,UTC-5,False
2025-07-17,,GBP,orange,Average Earnings Index 3m/y,5.0%,,,Thu,UTC-5,False
2025-07-17,,GBP,orange,Claimant Count Change,25.9K,,,Thu,UTC-5,False
2025-07-17,,GBP,yellow,Unemployment Rate,4.7%,,,Thu,UTC-5,False
2025-07-17,04:42,EUR,yellow,Spanish 10-y Bond Auction,3.30|2.0,,,Thu,UTC-5,False
2025-07-17,05:00,EUR,yellow,Final Core CPI y/y,2.3%,,,Thu,UTC-5,False
2025-07-17,,EUR,yellow,Final CPI y/y,2.0%,,,Thu,UTC-5,False
2025-07-17,08:30,CAD,yellow,Foreign Securities Purchases,-2.79B,,,Thu,UTC-5,False
2025-07-17,,USD,red,Core Retail Sales m/m,0.5%,,,Thu,UTC-5,False
2025-07-17,,USD,red,Retail Sales m/m,0.6%,,,Thu,UTC-5,False
2025-07-17,,USD,red,Unemployment Claims,221K,,,Thu,UTC-5,False
2025-07-17,,USD,orange,Philly Fed Manufacturing Index,15.9,,,Thu,UTC-5,False
2025-07-17,,USD,yellow,Import Prices m/m,0.1%,,,Thu,UTC-5,False
2025-07-17,09:15,USD,yellow,FOMC Member Kugler Speaks,,,,Thu,UTC-5,False
2025-07-17,10:00,USD,yellow,Business Inventories m/m,0.0%,,,Thu,UTC-5,False
2025-07-17,,USD,yellow,NAHB Housing Market Index,33,,,Thu,UTC-5,False
2025-07-17,10:30,USD,yellow,Natural Gas Storage,46B,,,Thu,UTC-5,False
2025-07-17,Day 1,All,yellow,G20 Meetings,,,,Thu,UTC-5,False
2025-07-17,12:45,USD,yellow,FOMC Member Daly Speaks,,,,Thu,UTC-5,False
2025-07-17,13:30,USD,yellow,FOMC Member Cook Speaks,,,,Thu,UTC-5,False
2025-07-17,16:00,USD,yellow,TIC Long-Term Purchases,259.4B,,,Thu,UTC-5,False
2025-07-17,18:30,USD,orange,FOMC Member Waller Speaks,,,,Thu,UTC-5,False
2025-07-17,19:30,JPY,yellow,National Core CPI y/y,3.3%,,,Thu,UTC-5,False
2025-07-17,23:00,NZD,yellow,Credit Card Spending y/y,0.9%,,,Thu,UTC-5,False
2025-07-18,02:00,EUR,yellow,German PPI m/m,0.1%,,,Fri,UTC-5,False
2025-07-18,04:00,EUR,yellow,Current Account,32.3B,,,Fri,UTC-5,False
2025-07-18,04:15,EUR,yellow,German Buba President Nagel Speaks,,,,Fri,UTC-5,False
2025-07-18,08:30,USD,yellow,Building Permits,1.40M,,,Fri,UTC-5,False
2025-07-18,,USD,yellow,Housing Starts,1.32M,,,Fri,UTC-5,False
2025-07-18,10:00,USD,orange,Prelim UoM Consumer Sentiment,61.8,,,Fri,UTC-5,False
2025-07-18,,USD,orange,Prelim UoM Inflation Expectations,4.4%,,,Fri,UTC-5,False
2025-07-18,Day 2,All,yellow,G20 Meetings,,,,Fri,UTC-5,False
2025-07-20,All Day,JPY,red,Upper House Elections,,,,Sun,UTC-5,False
2025-07-20,18:45,NZD,red,CPI q/q,,,,Sun,UTC-5,False
2025-07-20,All Day,JPY,gray,Bank Holiday,,,,Sun,UTC-5,False
2025-07-20,19:01,GBP,yellow,Rightmove HPI m/m,,,,Sun,UTC-5,False
2025-07-20,21:00,CNY,orange,1-y Loan Prime Rate,,,,Sun,UTC-5,False
2025-07-20,,CNY,orange,5-y Loan Prime Rate,,,,Sun,UTC-5,False
2025-07-21,Tentative,CNY,yellow,Foreign Direct Investment ytd/y,,,,Mon,UTC-5,False
2025-07-21,08:30,CAD,yellow,IPPI m/m,,,,Mon,UTC-5,False
2025-07-21,,CAD,yellow,RMPI m/m,,,,Mon,UTC-5,False
2025-07-21,10:00,USD,yellow,CB Leading Index m/m,,,,Mon,UTC-5,False
2025-07-21,10:30,CAD,yellow,BOC Business Outlook Survey,,,,Mon,UTC-5,False
2025-07-21,12:00,USD,red,test,,,,Mon,UTC-5,False
2025-07-21,18:45,NZD,yellow,Trade Balance,,,,Mon,UTC-5,False
2025-07-21,21:30,AUD,orange,Monetary Policy Meeting Minutes,,,,Mon,UTC-5,False
2025-07-22,02:00,GBP,yellow,Public Sector Net Borrowing,,,,Tue,UTC-5,False
2025-07-22,05:15,GBP,red,BOE Gov Bailey Speaks,,,,Tue,UTC-5,False
2025-07-22,08:30,USD,orange,Fed Chair Powell Speaks,,,,Tue,UTC-5,False
2025-07-22,10:00,USD,orange,Richmond Manufacturing Index,,,,Tue,UTC-5,False
2025-07-22,16:30,USD,yellow,API Weekly Statistical Bulletin,,,,Tue,UTC-5,False
2025-07-22,20:30,AUD,yellow,MI Leading Index m/m,,,,Tue,UTC-5,False
2025-07-23,01:00,JPY,yellow,BOJ Core CPI y/y,,,,Wed,UTC-5,False
2025-07-23,Tentative,EUR,yellow,German 10-y Bond Auction,,,,Wed,UTC-5,False
2025-07-23,08:30,CAD,yellow,NHPI m/m,,,,Wed,UTC-5,False
2025-07-23,10:00,EUR,yellow,Consumer Confidence,,,,Wed,UTC-5,False
2025-07-23,,USD,orange,Existing Home Sales,,,,Wed,UTC-5,False
2025-07-23,10:30,USD,yellow,Crude Oil Inventories,,,,Wed,UTC-5,False
2025-07-23,19:00,AUD,yellow,Flash Manufacturing PMI,,,,Wed,UTC-5,False
2025-07-23,,AUD,yellow,Flash Services PMI,,,,Wed,UTC-5,False
2025-07-23,20:30,JPY,yellow,Flash Manufacturing PMI,,,,Wed,UTC-5,False
2025-07-23,21:30,AUD,yellow,RBA Bulletin,,,,Wed,UTC-5,False
2025-07-23,23:05,AUD,red,RBA Gov Bullock Speaks,,,,Wed,UTC-5,False
2025-07-24,02:00,EUR,yellow,German GfK Consumer Climate,,,,Thu,UTC-5,False
2025-07-24,03:00,EUR,yellow,Spanish Unemployment Rate,,,,Thu,UTC-5,False
2025-07-24,03:15,EUR,red,French Flash Manufacturing PMI,,,,Thu,UTC-5,False
2025-07-24,,EUR,red,French Flash Services PMI,,,,Thu,UTC-5,False
2025-07-24,03:30,EUR,red,German Flash Manufacturing PMI,,,,Thu,UTC-5,False
2025-07-24,,EUR,red,German Flash Services PMI,,,,Thu,UTC-5,False
2025-07-24,04:00,EUR,orange,Flash Manufacturing PMI,,,,Thu,UTC-5,False
2025-07-24,,EUR,orange,Flash Services PMI,,,,Thu,UTC-5,False
2025-07-24,04:30,GBP,red,Flash Manufacturing PMI,,,,Thu,UTC-5,False
2025-07-24,,GBP,red,Flash Services PMI,,,,Thu,UTC-5,False
2025-07-24,06:00,GBP,yellow,CBI Industrial Order Expectations,,,,Thu,UTC-5,False
2025-07-24,08:15,EUR,red,Main Refinancing Rate,,,,Thu,UTC-5,False
2025-07-24,,EUR,red,Monetary Policy Statement,,,,Thu,UTC-5,False
2025-07-24,08:30,CAD,orange,Core Retail Sales m/m,,,,Thu,UTC-5,False
2025-07-24,,CAD,orange,Retail Sales m/m,,,,Thu,UTC-5,False
2025-07-24,,USD,red,Unemployment Claims,,,,Thu,UTC-5,False
2025-07-24,08:45,EUR,red,ECB Press Conference,,,,Thu,UTC-5,False
2025-07-24,09:00,CNY,yellow,CB Leading Index m/m,,,,Thu,UTC-5,False
2025-07-24,09:45,USD,red,Flash Manufacturing PMI,,,,Thu,UTC-5,False
2025-07-24,,USD,red,Flash Services PMI,,,,Thu,UTC-5,False
2025-07-24,10:00,USD,orange,New Home Sales,,,,Thu,UTC-5,False
2025-07-24,10:30,USD,yellow,Natural Gas Storage,,,,Thu,UTC-5,False
2025-07-24,19:01,GBP,yellow,GfK Consumer Confidence,,,,Thu,UTC-5,False
2025-07-24,19:30,JPY,orange,Tokyo Core CPI y/y,,,,Thu,UTC-5,False
2025-07-24,19:50,JPY,yellow,SPPI y/y,,,,Thu,UTC-5,False
2025-07-25,02:00,GBP,red,Retail Sales m/m,,,,Fri,UTC-5,False
2025-07-25,04:00,EUR,orange,German ifo Business Climate,,,,Fri,UTC-5,False
2025-07-25,,EUR,yellow,M3 Money Supply y/y,,,,Fri,UTC-5,False
2025-07-25,,EUR,yellow,Private Loans y/y,,,,Fri,UTC-5,False
2025-07-25,08:30,USD,orange,Core Durable Goods Orders m/m,,,,Fri,UTC-5,False
2025-07-25,,USD,orange,Durable Goods Orders m/m,,,,Fri,UTC-5,False
2025-07-25,09:00,EUR,yellow,Belgian NBB Business Climate,,,,Fri,UTC-5,False
2025-07-28,06:00,GBP,yellow,CBI Realized Sales,,,,Mon,UTC-5,False
2025-07-28,19:01,GBP,yellow,BRC Shop Price Index y/y,,,,Mon,UTC-5,False
2025-07-29,03:00,EUR,yellow,Spanish Flash GDP q/q,,,,Tue,UTC-5,False
2025-07-29,04:30,GBP,yellow,M4 Money Supply m/m,,,,Tue,UTC-5,False
2025-07-29,,GBP,yellow,Mortgage Approvals,,,,Tue,UTC-5,False
2025-07-29,,GBP,yellow,Net Lending to Individuals m/m,,,,Tue,UTC-5,False
2025-07-29,08:30,USD,yellow,Goods Trade Balance,,,,Tue,UTC-5,False
2025-07-29,,USD,yellow,Prelim Wholesale Inventories m/m,,,,Tue,UTC-5,False
2025-07-29,09:00,USD,yellow,HPI m/m,,,,Tue,UTC-5,False
2025-07-29,,USD,yellow,S&P/CS Composite-20 HPI y/y,,,,Tue,UTC-5,False
2025-07-29,10:00,USD,red,JOLTS Job Openings,,,,Tue,UTC-5,False
2025-07-29,,USD,orange,CB Consumer Confidence,,,,Tue,UTC-5,False
2025-07-29,16:30,USD,yellow,API Weekly Statistical Bulletin,,,,Tue,UTC-5,False
2025-07-29,21:00,NZD,yellow,ANZ Business Confidence,,,,Tue,UTC-5,False
2025-07-29,21:30,AUD,red,CPI q/q,,,,Tue,UTC-5,False
2025-07-29,,AUD,red,CPI y/y,,,,Tue,UTC-5,False
2025-07-29,,AUD,red,Trimmed Mean CPI q/q,,,,Tue,UTC-5,False
2025-07-30,01:30,EUR,yellow,French Consumer Spending m/m,,,,Wed,UTC-5,False
2025-07-30,,EUR,yellow,French Flash GDP q/q,,,,Wed,UTC-5,False
2025-07-30,02:00,EUR,yellow,German Retail Sales m/m,,,,Wed,UTC-5,False
2025-07-30,,GBP,yellow,Nationwide HPI m/m,,,,Wed,UTC-5,False
2025-07-30,03:00,CHF,yellow,KOF Economic Barometer,,,,Wed,UTC-5,False
2025-07-30,,EUR,orange,Spanish Flash CPI y/y,,,,Wed,UTC-5,False
2025-07-30,03:55,EUR,yellow,German Unemployment Change,,,,Wed,UTC-5,False
2025-07-30,04:00,CHF,yellow,UBS Economic Expectations,,,,Wed,UTC-5,False
2025-07-30,,EUR,yellow,Italian Prelim GDP q/q,,,,Wed,UTC-5,False
2025-07-30,,EUR,yellow,German Prelim GDP q/q,,,,Wed,UTC-5,False
2025-07-30,05:00,EUR,yellow,Prelim Flash GDP q/q,,,,Wed,UTC-5,False
2025-07-30,Tentative,GBP,yellow,30-y Bond Auction,,,,Wed,UTC-5,False
2025-07-30,08:15,USD,red,ADP Non-Farm Employment Change,,,,Wed,UTC-5,False
2025-07-30,08:30,USD,red,Advance GDP q/q,,,,Wed,UTC-5,False
2025-07-30,,USD,orange,Advance GDP Price Index q/q,,,,Wed,UTC-5,False
2025-07-30,09:45,CAD,red,BOC Monetary Policy Report,,,,Wed,UTC-5,False
2025-07-30,,CAD,red,BOC Rate Statement,,,,Wed,UTC-5,False
2025-07-30,,CAD,red,Overnight Rate,,,,Wed,UTC-5,False
2025-07-30,10:00,USD,orange,Pending Home Sales m/m,,,,Wed,UTC-5,False
2025-07-30,10:30,CAD,red,BOC Press Conference,,,,Wed,UTC-5,False
2025-07-30,,USD,yellow,Crude Oil Inventories,,,,Wed,UTC-5,False
2025-07-30,14:00,USD,red,Federal Funds Rate,,,,Wed,UTC-5,False
2025-07-30,,USD,red,FOMC Statement,,,,Wed,UTC-5,False
2025-07-30,14:30,USD,red,FOMC Press Conference,,,,Wed,UTC-5,False
2025-07-30,18:45,NZD,yellow,Building Consents m/m,,,,Wed,UTC-5,False
2025-07-30,19:50,JPY,yellow,Prelim Industrial Production m/m,,,,Wed,UTC-5,False
2025-07-30,,JPY,yellow,Retail Sales y/y,,,,Wed,UTC-5,False
2025-07-30,21:30,AUD,orange,Retail Sales m/m,,,,Wed,UTC-5,False
2025-07-30,,AUD,yellow,Building Approvals m/m,,,,Wed,UTC-5,False
2025-07-30,,AUD,yellow,Import Prices q/q,,,,Wed,UTC-5,False
2025-07-30,,AUD,yellow,Private Sector Credit m/m,,,,Wed,UTC-5,False
2025-07-30,,CNY,red,Manufacturing PMI,,,,Wed,UTC-5,False
2025-07-30,,CNY,orange,Non-Manufacturing PMI,,,,Wed,UTC-5,False
2025-07-30,Tentative,NZD,yellow,RBNZ Statement of Intent,,,,Wed,UTC-5,False
2025-07-30,Tentative,JPY,red,BOJ Policy Rate,,,,Wed,UTC-5,False
2025-07-30,Tentative,JPY,red,Monetary Policy Statement,,,,Wed,UTC-5,False
2025-07-30,Tentative,JPY,red,BOJ Outlook Report,,,,Wed,UTC-5,False
2025-07-31,00:00,JPY,yellow,Housing Starts y/y,,,,Thu,UTC-5,False
2025-07-31,01:00,JPY,yellow,Consumer Confidence,,,,Thu,UTC-5,False
2025-07-31,Tentative,JPY,red,BOJ Press Conference,,,,Thu,UTC-5,False
2025-07-31,02:00,EUR,yellow,German Import Prices m/m,,,,Thu,UTC-5,False
2025-07-31,02:29,EUR,orange,German Prelim CPI m/m,,,,Thu,UTC-5,False
2025-07-31,02:30,CHF,yellow,Retail Sales y/y,,,,Thu,UTC-5,False
2025-07-31,02:45,EUR,yellow,French Prelim CPI m/m,,,,Thu,UTC-5,False
2025-07-31,04:00,EUR,yellow,Italian Monthly Unemployment Rate,,,,Thu,UTC-5,False
2025-07-31,05:00,EUR,yellow,Italian Prelim CPI m/m,,,,Thu,UTC-5,False
2025-07-31,,EUR,yellow,Unemployment Rate,,,,Thu,UTC-5,False
2025-07-31,All Day,EUR,yellow,Italian 10-y Bond Auction,,,,Thu,UTC-5,False
2025-07-31,07:30,USD,yellow,Challenger Job Cuts y/y,,,,Thu,UTC-5,False
2025-07-31,08:30,CAD,red,GDP m/m,,,,Thu,UTC-5,False
2025-07-31,,USD,red,Core PCE Price Index m/m,,,,Thu,UTC-5,False
2025-07-31,,USD,red,Employment Cost Index q/q,,,,Thu,UTC-5,False
2025-07-31,,USD,red,Unemployment Claims,,,,Thu,UTC-5,False
2025-07-31,,USD,yellow,Personal Income m/m,,,,Thu,UTC-5,False
2025-07-31,,USD,yellow,Personal Spending m/m,,,,Thu,UTC-5,False
2025-07-31,09:45,USD,yellow,Chicago PMI,,,,Thu,UTC-5,False
2025-07-31,10:30,USD,yellow,Natural Gas Storage,,,,Thu,UTC-5,False
2025-07-31,19:30,JPY,yellow,Unemployment Rate,,,,Thu,UTC-5,False
2025-07-31,20:30,JPY,yellow,Final Manufacturing PMI,,,,Thu,UTC-5,False
2025-07-31,21:30,AUD,yellow,PPI q/q,,,,Thu,UTC-5,False
2025-07-31,21:45,CNY,yellow,Caixin Manufacturing PMI,,,,Thu,UTC-5,False
